<?xml version="1.0" encoding="UTF-8"?>
<vivadoHLSLog:LogRoot xmlns:vivadoHLSLog="www.xilinx.com/vivadoHLSLog">
  <errorLogs>
    <logs>
      <synLog/>
      <simLog/>
      <mgLog/>
      <packageLog/>
      <csimLog/>
    </logs>
  </errorLogs>
  <warningLogs>
    <logs>
      <synLog>
        <logs message="@W [SCHED-69] Unable to schedule 'load' operation ('data_load_2', LSTM_v2/src/./SDAI/../SDAI/dense.h:70) on array 'data' due to limited memory ports." projectName="LSTM_v2" solutionName="solution1" date="2016-11-21T10:02:20.462+0800" type="Warning"/>
        <logs message="@W [SCHED-68] Unable to enforce a carried constraint (II = 3)&#xD;&#xA;   between 'fadd' operation ('sum', LSTM_v2/src/./SDAI/../SDAI/activation.h:121) and 'fadd' operation ('sum', LSTM_v2/src/./SDAI/../SDAI/activation.h:121)." projectName="LSTM_v2" solutionName="solution1" date="2016-11-21T10:02:19.979+0800" type="Warning"/>
        <logs message="@W [SCHED-68] Unable to enforce a carried constraint (II = 2)&#xD;&#xA;   between 'fadd' operation ('sum', LSTM_v2/src/./SDAI/../SDAI/activation.h:121) and 'fadd' operation ('sum', LSTM_v2/src/./SDAI/../SDAI/activation.h:121)." projectName="LSTM_v2" solutionName="solution1" date="2016-11-21T10:02:19.963+0800" type="Warning"/>
        <logs message="@W [SCHED-68] Unable to enforce a carried constraint (II = 1)&#xD;&#xA;   between 'fadd' operation ('sum', LSTM_v2/src/./SDAI/../SDAI/activation.h:121) and 'fadd' operation ('sum', LSTM_v2/src/./SDAI/../SDAI/activation.h:121)." projectName="LSTM_v2" solutionName="solution1" date="2016-11-21T10:02:19.963+0800" type="Warning"/>
        <logs message="@W [SCHED-21] The critical path consists of the following:&#xD;&#xA;&#x9;'dsub' operation ('tmp_45', LSTM_v2/src/./SDAI/../SDAI/activation.h:75->LSTM_v2/src/./SDAI/../SDAI/activation.h:175->LSTM_v2/src/./SDAI/../SDAI/recurrent.h:345) (7.52 ns)&#xD;&#xA;&#x9;'fptrunc' operation ('res', LSTM_v2/src/./SDAI/../SDAI/activation.h:75->LSTM_v2/src/./SDAI/../SDAI/activation.h:175->LSTM_v2/src/./SDAI/../SDAI/recurrent.h:345) (5.44 ns)&#xD;&#xA;&#x9;'fmul' operation ('tmp_46', LSTM_v2/src/./SDAI/../SDAI/recurrent.h:348) (8.43 ns)" projectName="LSTM_v2" solutionName="solution1" date="2016-11-21T10:02:17.964+0800" type="Warning"/>
        <logs message="@W [SCHED-21] Estimated clock period (21.4ns) exceeds the target (target clock period: 10ns, clock uncertainty: 1.25ns, effective delay budget: 8.75ns)." projectName="LSTM_v2" solutionName="solution1" date="2016-11-21T10:02:17.949+0800" type="Warning"/>
        <logs message="@W [SCHED-68] Unable to enforce a carried dependency constraint (II = 161, distance = 1)&#xD;&#xA;   between 'store' operation (LSTM_v2/src/./SDAI/../SDAI/recurrent.h:355) of variable 'tmp_54', LSTM_v2/src/./SDAI/../SDAI/recurrent.h:355 on array 'LSTM_28_28_20_3_1_res' and 'load' operation ('LSTM_res_load_1', LSTM_v2/src/./SDAI/../SDAI/recurrent.h:329) on array 'LSTM_28_28_20_3_1_res'." projectName="LSTM_v2" solutionName="solution1" date="2016-11-21T10:02:17.356+0800" type="Warning"/>
        <logs message="@W [SCHED-68] Unable to enforce a carried dependency constraint (II = 160, distance = 1)&#xD;&#xA;   between 'store' operation (LSTM_v2/src/./SDAI/../SDAI/recurrent.h:355) of variable 'tmp_54', LSTM_v2/src/./SDAI/../SDAI/recurrent.h:355 on array 'LSTM_28_28_20_3_1_res' and 'load' operation ('LSTM_res_load_1', LSTM_v2/src/./SDAI/../SDAI/recurrent.h:329) on array 'LSTM_28_28_20_3_1_res'." projectName="LSTM_v2" solutionName="solution1" date="2016-11-21T10:02:16.966+0800" type="Warning"/>
        <logs message="@W [SCHED-68] Unable to enforce a carried dependency constraint (II = 154, distance = 1)&#xD;&#xA;   between 'store' operation (LSTM_v2/src/./SDAI/../SDAI/recurrent.h:355) of variable 'tmp_54', LSTM_v2/src/./SDAI/../SDAI/recurrent.h:355 on array 'LSTM_28_28_20_3_1_res' and 'load' operation ('LSTM_res_load_1', LSTM_v2/src/./SDAI/../SDAI/recurrent.h:329) on array 'LSTM_28_28_20_3_1_res'." projectName="LSTM_v2" solutionName="solution1" date="2016-11-21T10:02:16.607+0800" type="Warning"/>
        <logs message="@W [SCHED-68] Unable to enforce a carried dependency constraint (II = 142, distance = 1)&#xD;&#xA;   between 'store' operation (LSTM_v2/src/./SDAI/../SDAI/recurrent.h:355) of variable 'tmp_54', LSTM_v2/src/./SDAI/../SDAI/recurrent.h:355 on array 'LSTM_28_28_20_3_1_res' and 'load' operation ('LSTM_res_load_1', LSTM_v2/src/./SDAI/../SDAI/recurrent.h:329) on array 'LSTM_28_28_20_3_1_res'." projectName="LSTM_v2" solutionName="solution1" date="2016-11-21T10:02:16.592+0800" type="Warning"/>
        <logs message="@W [SCHED-68] Unable to enforce a carried dependency constraint (II = 94, distance = 1)&#xD;&#xA;   between 'store' operation (LSTM_v2/src/./SDAI/../SDAI/recurrent.h:355) of variable 'tmp_54', LSTM_v2/src/./SDAI/../SDAI/recurrent.h:355 on array 'LSTM_28_28_20_3_1_res' and 'load' operation ('LSTM_res_load_1', LSTM_v2/src/./SDAI/../SDAI/recurrent.h:329) on array 'LSTM_28_28_20_3_1_res'." projectName="LSTM_v2" solutionName="solution1" date="2016-11-21T10:02:16.233+0800" type="Warning"/>
        <logs message="@W [SCHED-68] Unable to enforce a carried dependency constraint (II = 46, distance = 1)&#xD;&#xA;   between 'store' operation (LSTM_v2/src/./SDAI/../SDAI/recurrent.h:355) of variable 'tmp_54', LSTM_v2/src/./SDAI/../SDAI/recurrent.h:355 on array 'LSTM_28_28_20_3_1_res' and 'load' operation ('LSTM_res_load_1', LSTM_v2/src/./SDAI/../SDAI/recurrent.h:329) on array 'LSTM_28_28_20_3_1_res'." projectName="LSTM_v2" solutionName="solution1" date="2016-11-21T10:02:16.012+0800" type="Warning"/>
        <logs message="@W [SCHED-68] Unable to enforce a carried dependency constraint (II = 22, distance = 1)&#xD;&#xA;   between 'store' operation (LSTM_v2/src/./SDAI/../SDAI/recurrent.h:355) of variable 'tmp_54', LSTM_v2/src/./SDAI/../SDAI/recurrent.h:355 on array 'LSTM_28_28_20_3_1_res' and 'load' operation ('LSTM_res_load_1', LSTM_v2/src/./SDAI/../SDAI/recurrent.h:329) on array 'LSTM_28_28_20_3_1_res'." projectName="LSTM_v2" solutionName="solution1" date="2016-11-21T10:02:16.012+0800" type="Warning"/>
        <logs message="@W [SCHED-68] Unable to enforce a carried dependency constraint (II = 10, distance = 1)&#xD;&#xA;   between 'store' operation (LSTM_v2/src/./SDAI/../SDAI/recurrent.h:355) of variable 'tmp_54', LSTM_v2/src/./SDAI/../SDAI/recurrent.h:355 on array 'LSTM_28_28_20_3_1_res' and 'load' operation ('LSTM_res_load_1', LSTM_v2/src/./SDAI/../SDAI/recurrent.h:329) on array 'LSTM_28_28_20_3_1_res'." projectName="LSTM_v2" solutionName="solution1" date="2016-11-21T10:02:15.980+0800" type="Warning"/>
        <logs message="@W [SCHED-68] Unable to enforce a carried dependency constraint (II = 4, distance = 21)&#xD;&#xA;   between 'store' operation (LSTM_v2/src/./SDAI/../SDAI/recurrent.h:355) of variable 'tmp_54', LSTM_v2/src/./SDAI/../SDAI/recurrent.h:355 on array 'LSTM_28_28_20_3_1_res' and 'load' operation ('LSTM_res_load', LSTM_v2/src/./SDAI/../SDAI/recurrent.h:329) on array 'LSTM_28_28_20_3_1_res'." projectName="LSTM_v2" solutionName="solution1" date="2016-11-21T10:02:15.980+0800" type="Warning"/>
        <logs message="@W [SCHED-68] Unable to enforce a carried dependency constraint (II = 3, distance = 21)&#xD;&#xA;   between 'store' operation (LSTM_v2/src/./SDAI/../SDAI/recurrent.h:355) of variable 'tmp_54', LSTM_v2/src/./SDAI/../SDAI/recurrent.h:355 on array 'LSTM_28_28_20_3_1_res' and 'load' operation ('LSTM_res_load', LSTM_v2/src/./SDAI/../SDAI/recurrent.h:329) on array 'LSTM_28_28_20_3_1_res'." projectName="LSTM_v2" solutionName="solution1" date="2016-11-21T10:02:15.965+0800" type="Warning"/>
        <logs message="@W [SCHED-68] Unable to enforce a carried dependency constraint (II = 2, distance = 21)&#xD;&#xA;   between 'store' operation (LSTM_v2/src/./SDAI/../SDAI/recurrent.h:355) of variable 'tmp_54', LSTM_v2/src/./SDAI/../SDAI/recurrent.h:355 on array 'LSTM_28_28_20_3_1_res' and 'load' operation ('LSTM_res_load', LSTM_v2/src/./SDAI/../SDAI/recurrent.h:329) on array 'LSTM_28_28_20_3_1_res'." projectName="LSTM_v2" solutionName="solution1" date="2016-11-21T10:02:15.949+0800" type="Warning"/>
        <logs message="@W [SCHED-68] Unable to enforce a carried dependency constraint (II = 1, distance = 21)&#xD;&#xA;   between 'store' operation (LSTM_v2/src/./SDAI/../SDAI/recurrent.h:355) of variable 'tmp_54', LSTM_v2/src/./SDAI/../SDAI/recurrent.h:355 on array 'LSTM_28_28_20_3_1_res' and 'load' operation ('LSTM_res_load', LSTM_v2/src/./SDAI/../SDAI/recurrent.h:329) on array 'LSTM_28_28_20_3_1_res'." projectName="LSTM_v2" solutionName="solution1" date="2016-11-21T10:02:15.934+0800" type="Warning"/>
        <logs message="@W [SYN-103] Legalizing function name 'Neural_activation_softmax&lt;10>' to 'Neural_activation_softmax_10_s'." projectName="LSTM_v2" solutionName="solution1" date="2016-11-21T10:02:14.157+0800" type="Warning"/>
        <logs message="@W [SYN-103] Legalizing function name 'Neural_feedforward.1' to 'Neural_feedforward_1'." projectName="LSTM_v2" solutionName="solution1" date="2016-11-21T10:02:14.126+0800" type="Warning"/>
        <logs message="@W [XFORM-631] Renaming function 'SDAI::LSTM&lt;28, 28, 20, (SDAI::ACTIVATION)3, (SDAI::ACTIVATION)1>::feedforward' (LSTM_v2/src/./SDAI/../SDAI/recurrent.h:289:6) into feedforward.1." projectName="LSTM_v2" solutionName="solution1" date="2016-11-21T10:02:14.048+0800" type="Warning"/>
        <logs message="@W [XFORM-631] Renaming function 'SDAI::activation_softmax&lt;10>' (LSTM_v2/src/./SDAI/../SDAI/activation.h:103) into activation_softmax&lt;10>." projectName="LSTM_v2" solutionName="solution1" date="2016-11-21T10:02:13.658+0800" type="Warning"/>
        <logs message="@W [XFORM-631] Renaming function 'SDAI::Dense&lt;20, 10, (SDAI::ACTIVATION)9>::feedforward' (LSTM_v2/src/./SDAI/../SDAI/dense.h:55) into feedforward." projectName="LSTM_v2" solutionName="solution1" date="2016-11-21T10:02:13.642+0800" type="Warning"/>
        <logs message="@W [XFORM-542] Cannot flatten a loop nest 'Loop-1' (LSTM_v2/src/top.cpp:28:16) in function 'Neural' : &#xD;&#xA;               more than one sub loop." projectName="LSTM_v2" solutionName="solution1" date="2016-11-21T10:02:13.548+0800" type="Warning"/>
        <logs message="@W [HLS-40] Skipped source file 'python_tb.txt'. Source files must have extensions .c, .C, .cc, .cpp, .c++, .cp, or .cxx." projectName="LSTM_v2" solutionName="solution1" date="2016-11-21T10:02:09.924+0800" type="Warning"/>
        <logs message="@W [HLS-40] Skipped source file 'result.txt'. Source files must have extensions .c, .C, .cc, .cpp, .c++, .cp, or .cxx." projectName="LSTM_v2" solutionName="solution1" date="2016-11-21T10:02:09.908+0800" type="Warning"/>
        <logs message="@W [HLS-40] Skipped source file 'validation.txt'. Source files must have extensions .c, .C, .cc, .cpp, .c++, .cp, or .cxx." projectName="LSTM_v2" solutionName="solution1" date="2016-11-21T10:01:51.374+0800" type="Warning"/>
      </synLog>
      <simLog/>
      <mgLog/>
      <packageLog/>
      <csimLog/>
    </logs>
  </warningLogs>
</vivadoHLSLog:LogRoot>
