<?xml version="1.0" encoding="UTF-8"?>
<vivadoHLSLog:LogRoot xmlns:vivadoHLSLog="www.xilinx.com/vivadoHLSLog">
  <errorLogs>
    <logs>
      <synLog/>
      <simLog/>
      <mgLog/>
      <packageLog/>
      <csimLog/>
    </logs>
  </errorLogs>
  <warningLogs>
    <logs>
      <synLog>
        <logs message="@W [SCHED-69] Unable to schedule 'load' operation ('data_load_2', LeNet_v1/src/./SDAI/../SDAI/dense.h:70) on array 'data' due to limited memory ports." projectName="LeNet_v1" solutionName="solution1" date="2016-11-21T10:37:04.383+0800" type="Warning"/>
        <logs message="@W [SCHED-68] Unable to enforce a carried constraint (II = 3)&#xD;&#xA;   between 'fadd' operation ('sum', LeNet_v1/src/./SDAI/../SDAI/activation.h:121) and 'fadd' operation ('sum', LeNet_v1/src/./SDAI/../SDAI/activation.h:121)." projectName="LeNet_v1" solutionName="solution1" date="2016-11-21T10:37:03.681+0800" type="Warning"/>
        <logs message="@W [SCHED-68] Unable to enforce a carried constraint (II = 2)&#xD;&#xA;   between 'fadd' operation ('sum', LeNet_v1/src/./SDAI/../SDAI/activation.h:121) and 'fadd' operation ('sum', LeNet_v1/src/./SDAI/../SDAI/activation.h:121)." projectName="LeNet_v1" solutionName="solution1" date="2016-11-21T10:37:03.681+0800" type="Warning"/>
        <logs message="@W [SCHED-68] Unable to enforce a carried constraint (II = 1)&#xD;&#xA;   between 'fadd' operation ('sum', LeNet_v1/src/./SDAI/../SDAI/activation.h:121) and 'fadd' operation ('sum', LeNet_v1/src/./SDAI/../SDAI/activation.h:121)." projectName="LeNet_v1" solutionName="solution1" date="2016-11-21T10:37:03.666+0800" type="Warning"/>
        <logs message="@W [SCHED-69] Unable to schedule 'load' operation ('data_load_2', LeNet_v1/src/./SDAI/../SDAI/dense.h:70) on array 'data' due to limited memory ports." projectName="LeNet_v1" solutionName="solution1" date="2016-11-21T10:36:59.984+0800" type="Warning"/>
        <logs message="@W [SCHED-69] Unable to schedule 'load' operation ('data_0_load_2', LeNet_v1/src/./SDAI/reshape.h:104) on array 'data_0' due to limited memory ports." projectName="LeNet_v1" solutionName="solution1" date="2016-11-21T10:36:54.913+0800" type="Warning"/>
        <logs message="@W [SCHED-69] Unable to schedule 'load' operation ('data_load_153', LeNet_v1/src/./SDAI/../SDAI/pooling2D.h:66) on array 'data' due to limited memory ports." projectName="LeNet_v1" solutionName="solution1" date="2016-11-21T10:36:53.712+0800" type="Warning"/>
        <logs message="@W [SCHED-69] Unable to schedule 'load' operation ('data_0_load_6', LeNet_v1/src/./SDAI/../SDAI/convolution2D.h:107) on array 'data_0' due to limited memory ports." projectName="LeNet_v1" solutionName="solution1" date="2016-11-21T10:36:51.918+0800" type="Warning"/>
        <logs message="@W [SCHED-69] Unable to schedule 'load' operation ('data_load_176', LeNet_v1/src/./SDAI/../SDAI/pooling2D.h:66) on array 'data' due to limited memory ports." projectName="LeNet_v1" solutionName="solution1" date="2016-11-21T10:36:49.750+0800" type="Warning"/>
        <logs message="@W [SCHED-69] Unable to schedule 'load' operation ('data_0_load_14', LeNet_v1/src/./SDAI/../SDAI/convolution2D.h:107) on array 'data_0' due to limited memory ports." projectName="LeNet_v1" solutionName="solution1" date="2016-11-21T10:36:49.094+0800" type="Warning"/>
        <logs message="@W [SYN-103] Legalizing function name 'Neural_activation_softmax&lt;10>' to 'Neural_activation_softmax_10_s'." projectName="LeNet_v1" solutionName="solution1" date="2016-11-21T10:36:48.814+0800" type="Warning"/>
        <logs message="@W [SYN-103] Legalizing function name 'Neural_feedforward.1' to 'Neural_feedforward_1'." projectName="LeNet_v1" solutionName="solution1" date="2016-11-21T10:36:48.798+0800" type="Warning"/>
        <logs message="@W [SYN-103] Legalizing function name 'Neural_feedforward.2' to 'Neural_feedforward_2'." projectName="LeNet_v1" solutionName="solution1" date="2016-11-21T10:36:48.798+0800" type="Warning"/>
        <logs message="@W [SYN-103] Legalizing function name 'Neural_feedforward.3' to 'Neural_feedforward_3'." projectName="LeNet_v1" solutionName="solution1" date="2016-11-21T10:36:48.782+0800" type="Warning"/>
        <logs message="@W [SYN-103] Legalizing function name 'Neural_feedforward.5' to 'Neural_feedforward_5'." projectName="LeNet_v1" solutionName="solution1" date="2016-11-21T10:36:48.782+0800" type="Warning"/>
        <logs message="@W [SYN-103] Legalizing function name 'Neural_feedforward.4' to 'Neural_feedforward_4'." projectName="LeNet_v1" solutionName="solution1" date="2016-11-21T10:36:48.767+0800" type="Warning"/>
        <logs message="@W [SYN-103] Legalizing function name 'Neural_feedforward.6' to 'Neural_feedforward_6'." projectName="LeNet_v1" solutionName="solution1" date="2016-11-21T10:36:48.767+0800" type="Warning"/>
        <logs message="@W [XFORM-631] Renaming function 'SDAI::Convolution2D&lt;3, 3, 3, 28, 28, 1, (SDAI::ACTIVATION)4, 1, 1, 26, 26>::feedforward' (LeNet_v1/src/./SDAI/../SDAI/convolution2D.h:64:37) into feedforward.6." projectName="LeNet_v1" solutionName="solution1" date="2016-11-21T10:36:48.704+0800" type="Warning"/>
        <logs message="@W [XFORM-631] Renaming function 'SDAI::Convolution2D&lt;6, 3, 3, 13, 13, 3, (SDAI::ACTIVATION)4, 1, 1, 11, 11>::feedforward' (LeNet_v1/src/./SDAI/../SDAI/convolution2D.h:64:37) into feedforward.5." projectName="LeNet_v1" solutionName="solution1" date="2016-11-21T10:36:47.550+0800" type="Warning"/>
        <logs message="@W [XFORM-631] Renaming function 'SDAI::MaxPooling2D&lt;26, 26, 3, 2, 2, 13, 13>::feedforward' (LeNet_v1/src/./SDAI/../SDAI/pooling2D.h:50:37) into feedforward.4." projectName="LeNet_v1" solutionName="solution1" date="2016-11-21T10:36:47.550+0800" type="Warning"/>
        <logs message="@W [XFORM-631] Renaming function 'SDAI::MaxPooling2D&lt;11, 11, 6, 2, 2, 5, 5>::feedforward' (LeNet_v1/src/./SDAI/../SDAI/pooling2D.h:50:37) into feedforward.3." projectName="LeNet_v1" solutionName="solution1" date="2016-11-21T10:36:47.534+0800" type="Warning"/>
        <logs message="@W [XFORM-631] Renaming function 'SDAI::Reshape3D_1D&lt;5, 5, 6, (SDAI::RESHAPE_MODE)0, 150>::feedforward' (LeNet_v1/src/./SDAI/reshape.h:87:29) into feedforward.2." projectName="LeNet_v1" solutionName="solution1" date="2016-11-21T10:36:47.534+0800" type="Warning"/>
        <logs message="@W [XFORM-631] Renaming function 'SDAI::Dense&lt;150, 32, (SDAI::ACTIVATION)4>::feedforward' (LeNet_v1/src/./SDAI/../SDAI/dense.h:57:5) into feedforward.1." projectName="LeNet_v1" solutionName="solution1" date="2016-11-21T10:36:47.519+0800" type="Warning"/>
        <logs message="@W [XFORM-631] Renaming function 'SDAI::activation_softmax&lt;10>' (LeNet_v1/src/./SDAI/../SDAI/activation.h:103) into activation_softmax&lt;10>." projectName="LeNet_v1" solutionName="solution1" date="2016-11-21T10:36:47.519+0800" type="Warning"/>
        <logs message="@W [XFORM-631] Renaming function 'SDAI::Dense&lt;32, 10, (SDAI::ACTIVATION)9>::feedforward' (LeNet_v1/src/./SDAI/../SDAI/dense.h:55) into feedforward." projectName="LeNet_v1" solutionName="solution1" date="2016-11-21T10:36:47.503+0800" type="Warning"/>
        <logs message="@W [XFORM-542] Cannot flatten a loop nest 'Loop-2' (LeNet_v1/src/top.cpp:43:16) in function 'Neural' : &#xD;&#xA;               more than one sub loop." projectName="LeNet_v1" solutionName="solution1" date="2016-11-21T10:36:47.035+0800" type="Warning"/>
        <logs message="@W [HLS-40] Skipped source file 'result.txt'. Source files must have extensions .c, .C, .cc, .cpp, .c++, .cp, or .cxx." projectName="LeNet_v1" solutionName="solution1" date="2016-11-21T10:36:43.508+0800" type="Warning"/>
        <logs message="@W [HLS-40] Skipped source file 'validation.txt'. Source files must have extensions .c, .C, .cc, .cpp, .c++, .cp, or .cxx." projectName="LeNet_v1" solutionName="solution1" date="2016-11-21T10:36:28.824+0800" type="Warning"/>
      </synLog>
      <simLog/>
      <mgLog/>
      <packageLog/>
      <csimLog/>
    </logs>
  </warningLogs>
</vivadoHLSLog:LogRoot>
